{"identifier":"5e7ba86b1c30f500134c0f0f","visibility":true,"category":{"_id":"59e10fa9e7b3ff4db5a2466a","name":"Commerce","description":"","__v":0,"$$mdSelectId":1},"runnable":true,"forkeable":true,"services":[],"constants":[],"type":"APP","description":"Esta es una app para que sea utilizada por supermercados durante la pandemia de COVID-19 para evitar que en dichos locales se reúnan grandes cantidades de personas y evitar que hayan largas filas de espera para ingresar.","documentation":"# Take a Turn! App\n\nEsta es una app para que sea utilizada por supermercados durante la pandemia de COVID-19 para evitar que en dichos locales se reúnan grandes cantidades de personas y evitar que hayan largas filas de espera para ingresar.\n\n## Authors\n\n* **Agustina Dinamarca** - *agustina.d@matrproject.com*","devices":[],"channels":[],"navigationBarStyle":{"textColor":"#FFFFFF","tintColor":"#FFFFFF","backgroundColor":"#F0591DFF","fontSize":18,"fontFamily":"Roboto-Regular"},"selectedThemeId":"59e10fabe7b3ff4db5a2469b","tags":[{"_id":"5e7e9a70c7935b0018b5e2e4","name":"turn","__v":0,"$$hashKey":"object:883"},{"_id":"5e7a16d21c30f500134c07f7","name":"covid-19","__v":0,"$$hashKey":"object:884"},{"_id":"5e7e9a70c7935b0018b5e2e3","name":"supermarket","__v":0,"$$hashKey":"object:885"}],"standaloneAppProperties":{"appName":{"platform":"ALL","value":"Take a Turn!"},"packageName":{"platform":"ALL","value":"com.agustinad.takeaturn"},"unhandledException":{"platform":"ALL","value":0},"andFirebaseApiKey":{"platform":"ANDROID","value":"AIzaSyDTBWMuN5OzOazYajC6-_I_EibXXV4HGcI"},"andFirebaseAppId":{"platform":"ANDROID","value":"1:319292097745:android:400634bfb19532300671f0"},"iosFirebaseApiKey":{"platform":"IOS","value":null},"iosFirebaseAppId":{"platform":"IOS","value":null},"iosFirebaseGCMSenderId":{"platform":"IOS","value":null},"firebaseDatabaseUrl":{"platform":"ALL","value":"https://testb-59fa5.firebaseio.com"}},"standalone":false}